DJMartinRocha,1
Vidaverdeylibre,1
LauPatBonino,1
ProUniv,1
Ferangeloni4,1
CoronaUy,1
GabrielaShanta3,1
XimeDoldan,1
DrMctwitty,1
agustinborbaok,1
Quinto_GQC,1
cotidianomujer,1
_gerperez,1
Supermancitoo,1
milenium_7,1
tomandomatevoy,1
fbarriosuy,1
sgdambrauskas,1
copel13,1
lolovisconti,1
arrobalaperra,1
tamangoduro,1
goyoiraola,1
asociacionfudi,1
Gertu0k,1
IsmaelMattos,1
mpaschroeder,1
tortu_doc,1
carocabus,1
Marce1UY,1
PsicologoDuarte,1
W_D_M_A_,1
wuilliam321,1
TitinaNunez,1
monedauruguay,1
hcmquintela,1
LEncuestadora,1
Seropian,1
FabianBia,1
gfoligna,1
EdwardHolfman,1
CarloSjlptN5,1
AdviceRRHH,1
javviok,1
MonikViera,1
PdelCyAsoc,1
2018uy,1
pperezUY,1
AsociacionDitec,1
pensa_colectivo,1
emi_mamone04,1
Igualidad1,1
natsa10,1
El_Sr_Churra,1
manuposada13,1
PFernandezBeri,1
inestix,1
SocyalyZante,1
carlosdeelpinar,1
MGAPUruguay,1
santiadib,1
Tatitati1984,1
German_Marr,1
Efice_uy,1
EjercitoUy,1
MEC_Uruguay,1
busjoann,1
LucasBerrospe,1
niaeu,1
chechalh,1
FedeGonda,1
diegopepe10,1
Martinnessi609,1
alnigge,1
lgorriaran,1
MarcosRsocram,1
DUTRA_Hnos,1
CCEAU1,1
Greta260626,1
afariasdiaz,1
marce15675,1
MauricioH19851,1
ismacastagnet,1
RAMEKAMI,1
Lin91965,1
iburone,1
lamagautopica,1
GisseSilvera,1
MatiasB31,1
nwzare,1
dahianalerena,1
VValentte,1
Ollapopularuy,1
serunointegral,1
licsilviaguerra,1
